I,T,Hydrogen,Oxygen,RH anode,Rh Cathode,V_pred
66.251,33.341,0.00345,0.02022,1.005,1.0,410.10441775950034
